<?xml version='1.0' encoding='UTF-8' ?>
<timeLogEntries>
  <time path="/Proyecto/new&#10;/Proyecto/Ahorcado" flag="R" />
  <time id="1" path="/Proyecto/Ahorcado/PSP0/Planning" start="@1638616726306" delta="2" flag="A" />
  <time id="2" path="/Proyecto/Ahorcado/PSP0/Design" start="@1638617682230" delta="20" interrupt="1" flag="A" />
  <time id="3" path="/Proyecto/Ahorcado/PSP0/Code" start="@1638619054752" delta="14" flag="A" />
  <time id="4" path="/Proyecto/Ahorcado/PSP0/Compile" start="@1638619904222" delta="2" flag="A" />
  <time id="5" path="/Proyecto/Ahorcado/PSP0/Code" start="@1638620033668" delta="18" flag="A" />
  <time id="6" path="/Proyecto/Ahorcado/PSP0/Compile" start="@1638621142084" delta="2" flag="A" />
  <time id="7" path="/Proyecto/Ahorcado/PSP0/Test" start="@1638621292228" delta="6" flag="A" />
  <time id="8" path="/Proyecto/Ahorcado/PSP0/Postmortem" start="@1638621771855" delta="2" flag="A" />
</timeLogEntries>
